id,lat,lon,bedridden,physical_disability,mental_disability,poor_sanitation,severe_malnutrition,drug_addiction,unemployment,illiteracy,under_6_months,over_70_years,hypertension,diabetes,people_per_room_gt_1,people_per_room_eq_1,fixed_day,fixed_period_weeks,fixed_phase_weeks,last_visit_date
1,-30.060033,-51.057777,0,0,0,0,0,0,0,0,0,0,0,0,1,0,2,4,0,2026-07-10
2,-30.060576,-51.051311,0,0,0,1,0,0,0,0,0,0,0,1,1,0,,,,2026-06-18
3,-30.058643,-51.003099,0,0,0,0,0,0,0,0,0,0,0,1,1,0,,,,2026-09-10
4,-30.042130,-51.191052,0,0,0,0,1,0,1,0,0,0,0,0,1,0,,,,2026-08-12
5,-30.038926,-51.164311,1,0,0,0,0,0,0,0,0,0,1,0,1,0,,,,2026-08-25
6,-30.043311,-51.059421,0,0,0,0,0,0,0,0,1,0,0,1,1,0,,,,2026-09-13
7,-30.041249,-51.075696,0,0,0,0,0,0,0,0,0,1,0,0,1,0,,,,2026-09-05
8,-29.990892,-51.214240,0,0,0,0,0,0,0,0,0,0,0,0,1,0,,,,2026-08-20
9,-30.074438,-50.960158,0,1,0,0,0,0,0,0,0,0,0,0,1,0,,,,2026-09-08
10,-30.061268,-51.104416,0,0,0,0,0,0,1,1,0,1,1,0,1,0,,,,2026-07-11
11,-30.066234,-51.070805,0,0,0,0,0,0,0,0,0,0,0,0,1,0,,,,2026-08-30
12,-30.075405,-50.987780,0,0,0,0,0,0,1,0,0,1,0,0,1,0,,,,2026-09-16
13,-30.041618,-50.990441,0,0,0,0,0,0,1,0,0,1,0,0,0,1,,,,2026-07-27
14,-30.002136,-50.934596,0,0,0,0,0,0,1,0,0,0,0,0,1,0,,,,2026-06-21
15,-30.004266,-51.080866,0,0,0,0,0,0,1,1,0,0,0,1,1,0,,,,2026-07-25
16,-30.018027,-51.070529,0,0,1,0,0,0,0,0,0,0,0,0,1,0,,,,2026-08-13
17,-30.065407,-51.191918,0,0,0,0,0,0,0,0,0,0,0,0,1,0,,,,2026-07-26
18,-30.083539,-50.966873,0,0,0,0,0,0,0,0,0,0,0,0,1,0,2,4,3,2026-07-14
19,-30.038157,-51.192672,0,0,0,0,0,0,0,0,0,0,0,0,1,0,,,,2026-09-28
20,-30.025676,-51.010992,0,0,0,0,1,0,1,0,0,0,0,0,1,0,,,,2026-07-25
21,-30.029647,-51.063699,0,0,0,1,0,0,1,0,0,0,1,0,1,0,,,,2026-08-15
22,-29.954395,-51.121407,0,0,0,0,0,0,0,1,0,0,0,1,1,0,,,,2026-06-11
23,-29.962922,-51.035101,0,0,0,0,0,0,0,0,0,1,0,0,1,0,,,,2026-09-15
24,-30.001531,-50.911308,0,0,0,0,0,0,0,0,0,1,0,1,0,1,,,,2026-08-15
25,-30.038765,-50.936441,0,0,0,0,0,0,0,0,0,0,1,0,1,0,1,4,1,2026-07-27
26,-29.999532,-51.116377,0,0,0,0,0,0,0,0,0,0,0,0,1,0,4,4,1,2026-08-19
27,-30.075025,-51.210199,0,0,0,0,0,0,0,1,0,0,0,0,1,0,,,,2026-07-04
28,-30.074635,-51.181181,0,0,0,0,0,0,0,0,0,0,0,0,1,0,,,,2026-09-13
29,-30.012010,-51.171820,0,0,0,0,0,0,0,0,1,0,0,0,0,1,,,,2026-06-14
30,-29.998095,-50.932294,0,0,1,0,0,0,0,0,0,0,0,0,0,1,,,,2026-08-09
31,-30.061423,-51.185186,0,0,0,0,0,0,0,0,0,0,0,0,1,0,4,3,1,2026-09-17
32,-30.039831,-51.162480,0,0,0,0,0,0,0,0,0,0,0,0,1,0,,,,2026-07-12
33,-30.034197,-51.044926,0,0,0,0,0,0,0,0,0,0,0,0,1,0,,,,2026-06-15
34,-30.013355,-50.926008,0,0,0,0,0,0,0,0,0,0,0,0,1,0,,,,2026-08-27
35,-30.085749,-51.133816,0,1,0,0,0,0,1,0,0,0,0,0,1,0,,,,2026-06-11
36,-29.952042,-51.091306,0,1,0,0,0,0,1,1,0,1,1,0,0,1,,,,2026-08-07
37,-30.019263,-50.946394,0,0,0,0,0,1,0,1,0,0,0,0,1,0,,,,2026-07-02
38,-29.986767,-51.135770,0,0,0,0,0,0,0,0,1,0,1,0,1,0,,,,2026-08-05
39,-30.041164,-51.048347,0,0,1,0,0,0,0,0,0,0,1,0,1,0,4,2,0,2026-06-18
40,-29.980248,-50.955734,0,0,1,1,0,0,0,0,0,0,0,0,1,0,,,,2026-08-25
41,-30.056944,-51.064736,0,0,0,0,0,0,0,0,0,0,0,0,1,0,2,3,0,2026-07-14
42,-30.048416,-51.138808,1,0,0,0,0,0,0,0,0,0,0,1,0,1,,,,2026-06-26
43,-30.049711,-51.197577,0,0,0,1,1,0,1,0,0,0,0,0,1,0,,,,2026-06-22
44,-30.008953,-51.128210,0,0,0,0,0,0,1,1,0,0,0,1,1,0,,,,2026-08-08
45,-30.018199,-51.040711,0,0,0,0,0,0,0,1,0,0,0,0,1,0,2,2,0,2026-08-20
46,-29.958663,-51.166105,0,0,0,1,0,0,0,0,0,0,1,0,1,0,5,2,1,2026-09-20
47,-30.010376,-51.079969,0,0,0,0,0,0,0,0,1,0,1,0,0,1,,,,2026-08-29
48,-29.970949,-51.026787,0,0,0,0,1,0,0,0,0,0,0,1,1,0,,,,2026-09-24
49,-30.056662,-51.050638,0,0,0,0,0,0,0,0,0,0,0,0,1,0,,,,2026-06-13
50,-29.993908,-51.215176,0,0,0,0,0,0,1,0,0,0,0,0,1,0,4,4,3,2026-08-30
51,-29.986943,-51.185778,0,0,0,0,0,0,1,0,0,0,0,0,1,0,5,2,0,2026-08-04
52,-30.085970,-51.090240,0,0,0,0,0,0,0,0,0,0,0,1,1,0,1,2,1,2026-07-04
53,-29.964913,-50.904344,0,0,1,1,0,0,1,0,0,0,0,0,1,0,,,,2026-09-11
54,-30.017288,-51.026124,0,0,0,1,0,0,1,0,0,0,0,0,1,0,,,,2026-08-04
55,-30.075766,-51.160219,0,0,0,1,0,0,0,0,0,1,0,0,1,0,5,4,3,2026-09-10
56,-30.000333,-50.942940,0,0,1,0,1,0,0,0,0,0,1,0,1,0,,,,2026-08-29
57,-29.976746,-51.024926,0,0,0,0,0,0,0,0,0,0,0,0,1,0,,,,2026-07-13
58,-30.037251,-51.188740,0,0,0,0,0,1,1,0,0,0,0,0,1,0,,,,2026-07-15
59,-29.989593,-51.016573,1,0,0,0,0,0,0,0,0,0,0,1,1,0,,,,2026-06-12
60,-30.068435,-50.940340,1,1,0,0,0,0,0,0,0,0,1,0,1,0,,,,2026-07-12
61,-30.000836,-51.122191,0,0,0,0,0,0,0,0,0,0,1,0,1,0,,,,2026-07-17
62,-30.036058,-51.184433,0,0,0,0,0,0,0,0,0,0,0,0,0,1,4,3,0,2026-07-04
63,-30.063362,-51.098456,0,0,0,0,0,0,0,0,0,0,0,0,1,0,,,,2026-07-02
64,-30.001690,-50.902747,0,0,0,0,0,0,0,0,0,1,0,0,0,1,,,,2026-07-11
65,-30.064952,-50.911383,0,0,0,0,0,0,0,0,0,0,1,0,1,0,,,,2026-08-27
66,-29.984728,-51.178364,0,0,0,0,0,0,1,0,0,0,0,0,0,1,,,,2026-06-12
67,-29.998146,-51.096545,0,0,0,0,0,0,0,0,0,0,0,0,1,0,,,,2026-06-11
68,-29.983830,-51.092180,0,0,0,0,0,0,1,0,1,0,0,0,1,0,,,,2026-06-13
69,-29.951219,-51.020185,0,0,0,0,0,0,1,0,0,0,0,0,0,1,,,,2026-07-05
70,-30.024934,-51.105265,1,0,0,1,0,0,0,0,0,1,0,0,1,0,,,,2026-08-18
71,-30.025507,-51.009806,0,0,0,0,0,0,1,0,0,0,1,0,0,1,,,,2026-07-30
72,-30.060407,-51.209711,0,0,0,1,0,0,0,0,1,0,0,0,1,0,,,,2026-06-22
73,-30.015927,-51.112569,0,0,0,0,0,0,1,0,0,0,0,1,1,0,,,,2026-06-27
74,-30.075533,-51.158641,0,0,0,0,0,0,1,1,1,0,0,1,1,0,,,,2026-07-12
75,-29.998777,-50.965989,0,0,0,0,0,0,0,0,0,0,0,0,1,0,,,,2026-08-14
76,-30.005046,-50.955546,0,0,0,0,0,0,0,0,0,0,0,0,1,0,,,,2026-08-19
77,-29.971566,-51.000971,0,0,0,0,0,0,0,0,0,0,1,0,0,1,,,,2026-07-30
78,-30.066974,-51.184750,0,0,0,0,0,0,0,0,0,0,0,0,1,0,,,,2026-09-05
79,-29.982819,-51.014581,0,0,0,1,0,0,0,0,0,0,0,1,1,0,,,,2026-07-25
80,-29.966354,-50.992468,0,0,0,0,0,0,0,0,0,0,1,1,1,0,,,,2026-06-12
81,-29.991244,-50.946164,0,0,0,0,0,0,0,0,0,0,0,0,1,0,,,,2026-06-12
82,-29.985796,-51.016425,0,0,0,0,0,0,0,0,0,0,0,0,1,0,,,,2026-07-24
83,-29.990538,-51.046372,0,0,0,0,0,0,0,1,0,0,0,0,1,0,,,,2026-07-24
84,-30.072987,-50.927606,0,0,0,0,0,0,1,1,0,0,0,0,0,1,,,,2026-09-24
85,-30.029044,-50.906754,0,0,0,0,1,0,1,1,0,1,1,0,1,0,,,,2026-07-15
86,-29.973982,-50.903480,0,0,0,0,0,0,0,0,0,0,1,0,1,0,,,,2026-08-21
87,-30.022102,-50.966328,0,0,0,0,0,0,0,0,0,0,0,0,1,0,,,,2026-08-03
88,-30.086392,-50.937970,1,0,0,1,0,0,0,1,0,0,0,0,0,1,,,,2026-08-02
89,-29.968076,-50.900784,0,0,0,0,0,0,0,0,0,0,0,1,1,0,,,,2026-09-28
90,-29.982356,-50.919221,0,0,0,0,0,0,0,0,0,0,0,0,0,1,2,2,1,2026-08-23
91,-29.955947,-51.096217,0,0,0,0,0,0,0,1,0,0,1,0,1,0,3,2,0,2026-06-28
92,-30.051095,-51.219322,0,1,0,0,0,0,0,0,0,0,0,0,0,1,,,,2026-09-07
93,-30.001673,-50.957530,0,0,0,0,0,0,0,1,0,0,0,0,0,1,,,,2026-09-03
94,-30.088690,-50.981928,0,0,1,0,1,0,0,1,0,0,0,1,1,0,,,,2026-08-28
95,-30.033459,-50.972327,0,0,0,0,0,0,1,0,0,0,0,0,1,0,,,,2026-06-11
96,-30.035702,-51.179151,0,0,1,0,0,0,1,0,0,0,0,0,1,0,,,,2026-08-21
97,-29.981415,-51.102544,1,0,0,0,0,0,0,0,0,1,0,0,1,0,,,,2026-08-02
98,-30.055649,-51.142429,0,0,0,1,0,0,1,0,0,0,0,1,1,0,,,,2026-08-10
99,-29.989564,-51.190446,0,0,0,0,0,0,0,0,0,0,1,0,0,1,,,,2026-09-19
100,-30.064145,-51.121064,1,0,0,0,0,0,0,0,1,0,0,0,1,0,,,,2026-07-02
