id,lat,lon,bedridden,physical_disability,mental_disability,poor_sanitation,severe_malnutrition,drug_addiction,unemployment,illiteracy,under_6_months,over_70_years,hypertension,diabetes,people_per_room,last_visit_date
1,43.733500,7.419000,0,0,0,0,0,0,0,0,0,0,0,0,0.8,2026-07-07
2,43.733500,7.420100,1,0,0,0,0,0,1,0,0,0,0,0,0.8,2026-07-08
3,43.733500,7.421200,0,1,0,0,0,1,0,1,0,0,1,0,0.8,2026-07-09
4,43.733500,7.422300,0,0,1,1,1,0,0,0,0,0,0,0,0.8,2026-07-10
5,43.733500,7.423400,0,0,0,0,0,0,0,0,0,0,0,0,0.8,2026-07-11
6,43.733500,7.424500,1,0,0,0,0,0,1,0,0,0,0,0,0.8,2026-07-07
7,43.733500,7.425600,0,1,0,0,0,1,0,1,0,0,1,0,0.8,2026-07-08
8,43.733500,7.426700,0,0,1,1,1,0,0,0,0,0,0,0,0.8,2026-07-09
9,43.733500,7.427800,0,0,0,0,0,0,0,0,0,0,0,0,0.8,2026-07-10
10,43.733500,7.428900,1,0,0,0,0,0,1,0,0,0,0,0,0.8,2026-07-11
11,43.734400,7.419000,0,1,0,0,0,1,0,1,0,0,1,0,0.8,2026-07-07
12,43.734400,7.420100,0,0,1,1,1,0,0,0,0,0,0,0,0.8,2026-07-08
13,43.734400,7.421200,0,0,0,0,0,0,0,0,0,0,0,0,0.8,2026-07-09
14,43.734400,7.422300,1,0,0,0,0,0,1,0,0,0,0,0,0.8,2026-07-10
15,43.734400,7.423400,0,1,0,0,0,1,0,1,0,0,1,0,0.8,2026-07-11
16,43.734400,7.424500,0,0,1,1,1,0,0,0,0,0,0,0,0.8,2026-07-07
17,43.734400,7.425600,0,0,0,0,0,0,0,0,0,0,0,0,0.8,2026-07-08
18,43.734400,7.426700,1,0,0,0,0,0,1,0,0,0,0,0,0.8,2026-07-09
19,43.734400,7.427800,0,1,0,0,0,1,0,1,0,0,1,0,0.8,2026-07-10
20,43.734400,7.428900,0,0,1,1,1,0,0,0,0,0,0,0,0.8,2026-07-11
21,43.735300,7.419000,0,0,0,0,0,0,0,0,0,0,0,0,0.8,2026-07-07
22,43.735300,7.420100,1,0,0,0,0,0,1,0,0,0,0,0,0.8,2026-07-08
23,43.735300,7.421200,0,1,0,0,0,1,0,1,0,0,1,0,0.8,2026-07-09
24,43.735300,7.422300,0,0,1,1,1,0,0,0,0,0,0,0,0.8,2026-07-10
25,43.735300,7.423400,0,0,0,0,0,0,0,0,0,0,0,0,0.8,2026-07-11
26,43.735300,7.424500,1,0,0,0,0,0,1,0,0,0,0,0,0.8,2026-07-07
27,43.735300,7.425600,0,1,0,0,0,1,0,1,0,0,1,0,0.8,2026-07-08
28,43.735300,7.426700,0,0,1,1,1,0,0,0,0,0,0,0,0.8,2026-07-09
29,43.735300,7.427800,0,0,0,0,0,0,0,0,0,0,0,0,0.8,2026-07-10
30,43.735300,7.428900,1,0,0,0,0,0,1,0,0,0,0,0,0.8,2026-07-11
31,43.736200,7.419000,0,1,0,0,0,1,0,1,0,0,1,0,0.8,2026-07-07
32,43.736200,7.420100,0,0,1,1,1,0,0,0,0,0,0,0,0.8,2026-07-08
33,43.736200,7.421200,0,0,0,0,0,0,0,0,0,0,0,0,0.8,2026-07-09
34,43.736200,7.422300,1,0,0,0,0,0,1,0,0,0,0,0,0.8,2026-07-10
35,43.736200,7.423400,0,1,0,0,0,1,0,1,0,0,1,0,0.8,2026-07-11
36,43.736200,7.424500,0,0,1,1,1,0,0,0,0,0,0,0,0.8,2026-07-07
37,43.736200,7.425600,0,0,0,0,0,0,0,0,0,0,0,0,0.8,2026-07-08
38,43.736200,7.426700,1,0,0,0,0,0,1,0,0,0,0,0,0.8,2026-07-09
39,43.736200,7.427800,0,1,0,0,0,1,0,1,0,0,1,0,0.8,2026-07-10
40,43.736200,7.428900,0,0,1,1,1,0,0,0,0,0,0,0,0.8,2026-07-11
41,43.737100,7.419000,0,0,0,0,0,0,0,0,0,0,0,0,0.8,2026-07-07
42,43.737100,7.420100,1,0,0,0,0,0,1,0,0,0,0,0,0.8,2026-07-08
43,43.737100,7.421200,0,1,0,0,0,1,0,1,0,0,1,0,0.8,2026-07-09
44,43.737100,7.422300,0,0,1,1,1,0,0,0,0,0,0,0,0.8,2026-07-10
45,43.737100,7.423400,0,0,0,0,0,0,0,0,0,0,0,0,0.8,2026-07-11
46,43.737100,7.424500,1,0,0,0,0,0,1,0,0,0,0,0,0.8,2026-07-07
47,43.737100,7.425600,0,1,0,0,0,1,0,1,0,0,1,0,0.8,2026-07-08
48,43.737100,7.426700,0,0,1,1,1,0,0,0,0,0,0,0,0.8,2026-07-09
49,43.737100,7.427800,0,0,0,0,0,0,0,0,0,0,0,0,0.8,2026-07-10
50,43.737100,7.428900,1,0,0,0,0,0,1,0,0,0,0,0,0.8,2026-07-11
51,43.738000,7.419000,0,1,0,0,0,1,0,1,0,0,1,0,0.8,2026-07-07
52,43.738000,7.420100,0,0,1,1,1,0,0,0,0,0,0,0,0.8,2026-07-08
53,43.738000,7.421200,0,0,0,0,0,0,0,0,0,0,0,0,0.8,2026-07-09
54,43.738000,7.422300,1,0,0,0,0,0,1,0,0,0,0,0,0.8,2026-07-10
55,43.738000,7.423400,0,1,0,0,0,1,0,1,0,0,1,0,0.8,2026-07-11
56,43.738000,7.424500,0,0,1,1,1,0,0,0,0,0,0,0,0.8,2026-07-07
57,43.738000,7.425600,0,0,0,0,0,0,0,0,0,0,0,0,0.8,2026-07-08
58,43.738000,7.426700,1,0,0,0,0,0,1,0,0,0,0,0,0.8,2026-07-09
59,43.738000,7.427800,0,1,0,0,0,1,0,1,0,0,1,0,0.8,2026-07-10
60,43.738000,7.428900,0,0,1,1,1,0,0,0,0,0,0,0,0.8,2026-07-11
61,43.738900,7.419000,0,0,0,0,0,0,0,0,0,0,0,0,0.8,2026-07-07
62,43.738900,7.420100,1,0,0,0,0,0,1,0,0,0,0,0,0.8,2026-07-08
63,43.738900,7.421200,0,1,0,0,0,1,0,1,0,0,1,0,0.8,2026-07-09
64,43.738900,7.422300,0,0,1,1,1,0,0,0,0,0,0,0,0.8,2026-07-10
65,43.738900,7.423400,0,0,0,0,0,0,0,0,0,0,0,0,0.8,2026-07-11
66,43.738900,7.424500,1,0,0,0,0,0,1,0,0,0,0,0,0.8,2026-07-07
67,43.738900,7.425600,0,1,0,0,0,1,0,1,0,0,1,0,0.8,2026-07-08
68,43.738900,7.426700,0,0,1,1,1,0,0,0,0,0,0,0,0.8,2026-07-09
69,43.738900,7.427800,0,0,0,0,0,0,0,0,0,0,0,0,0.8,2026-07-10
70,43.738900,7.428900,1,0,0,0,0,0,1,0,0,0,0,0,0.8,2026-07-11
71,43.739800,7.419000,0,1,0,0,0,1,0,1,0,0,1,0,0.8,2026-07-07
72,43.739800,7.420100,0,0,1,1,1,0,0,0,0,0,0,0,0.8,2026-07-08
73,43.739800,7.421200,0,0,0,0,0,0,0,0,0,0,0,0,0.8,2026-07-09
74,43.739800,7.422300,1,0,0,0,0,0,1,0,0,0,0,0,0.8,2026-07-10
75,43.739800,7.423400,0,1,0,0,0,1,0,1,0,0,1,0,0.8,2026-07-11
76,43.739800,7.424500,0,0,1,1,1,0,0,0,0,0,0,0,0.8,2026-07-07
77,43.739800,7.425600,0,0,0,0,0,0,0,0,0,0,0,0,0.8,2026-07-08
78,43.739800,7.426700,1,0,0,0,0,0,1,0,0,0,0,0,0.8,2026-07-09
79,43.739800,7.427800,0,1,0,0,0,1,0,1,0,0,1,0,0.8,2026-07-10
80,43.739800,7.428900,0,0,1,1,1,0,0,0,0,0,0,0,0.8,2026-07-11
81,43.740700,7.419000,0,0,0,0,0,0,0,0,0,0,0,0,0.8,2026-07-07
82,43.740700,7.420100,1,0,0,0,0,0,1,0,0,0,0,0,0.8,2026-07-08
83,43.740700,7.421200,0,1,0,0,0,1,0,1,0,0,1,0,0.8,2026-07-09
84,43.740700,7.422300,0,0,1,1,1,0,0,0,0,0,0,0,0.8,2026-07-10
85,43.740700,7.423400,0,0,0,0,0,0,0,0,0,0,0,0,0.8,2026-07-11
86,43.740700,7.424500,1,0,0,0,0,0,1,0,0,0,0,0,0.8,2026-07-07
87,43.740700,7.425600,0,1,0,0,0,1,0,1,0,0,1,0,0.8,2026-07-08
88,43.740700,7.426700,0,0,1,1,1,0,0,0,0,0,0,0,0.8,2026-07-09
89,43.740700,7.427800,0,0,0,0,0,0,0,0,0,0,0,0,0.8,2026-07-10
90,43.740700,7.428900,1,0,0,0,0,0,1,0,0,0,0,0,0.8,2026-07-11
91,43.741600,7.419000,0,1,0,0,0,1,0,1,0,0,1,0,0.8,2026-07-07
92,43.741600,7.420100,0,0,1,1,1,0,0,0,0,0,0,0,0.8,2026-07-08
93,43.741600,7.421200,0,0,0,0,0,0,0,0,0,0,0,0,0.8,2026-07-09
94,43.741600,7.422300,1,0,0,0,0,0,1,0,0,0,0,0,0.8,2026-07-10
95,43.741600,7.423400,0,1,0,0,0,1,0,1,0,0,1,0,0.8,2026-07-11
96,43.741600,7.424500,0,0,1,1,1,0,0,0,0,0,0,0,0.8,2026-07-07
97,43.741600,7.425600,0,0,0,0,0,0,0,0,0,0,0,0,0.8,2026-07-08
98,43.741600,7.426700,1,0,0,0,0,0,1,0,0,0,0,0,0.8,2026-07-09
99,43.741600,7.427800,0,1,0,0,0,1,0,1,0,0,1,0,0.8,2026-07-10
100,43.741600,7.428900,0,0,1,1,1,0,0,0,0,0,0,0,0.8,2026-07-11
