id,lat,lon,bedridden,physical_disability,mental_disability,poor_sanitation,severe_malnutrition,drug_addiction,unemployment,illiteracy,under_6_months,over_70_years,hypertension,diabetes,people_per_room
1,43.7387,7.4240,0,0,0,0,0,0,0,0,0,1,1,0,2
2,43.7394,7.4261,0,0,0,0,0,0,1,0,0,0,0,1,1
3,43.7375,7.4215,1,0,0,0,0,0,0,0,0,0,1,0,2
4,43.7357,7.4206,0,1,0,0,0,0,0,0,0,0,0,1,3
5,43.7405,7.4272,0,0,0,1,0,0,0,0,0,0,0,0,1
6,43.7422,7.4295,0,0,0,0,0,1,1,0,0,0,1,1,2
7,43.7348,7.4192,0,0,1,0,0,0,0,1,0,0,0,0,2
8,43.7369,7.4257,0,0,0,0,1,0,0,0,0,0,1,1,2
9,43.7398,7.4300,0,0,0,0,0,1,0,0,1,0,0,1,1
10,43.7318,7.4175,0,0,0,0,0,0,1,1,0,1,0,0,3
